startTime,endTime,spawningIntervalInMinutes,spawningAmount,carType,maxSpeed,averageSpeed,trafficCode,startLat,startLon,destLat,destLon,osmRoute,nextTrafficLightPhase,driveMode
6:00,14:20,0.083333333,1,Golf,13.89,13.89,german,45.381146,-75.700287,45.3792575,-75.7004525,,,3
6:00,14:20,0.083333333,1,Golf,13.89,13.89,german,45.383604,-75.696415,45.3792575,-75.7004525,,,3
6:00,14:20,0.083333333,1,Golf,13.89,13.89,german,45.384867,-75.692068,45.3792575,-75.7004525,,,3
6:00,14:20,0.083333333,1,Golf,13.89,13.89,german,45.385634,-75.695203,45.3792575,-75.7004525,,,3
6:00,14:20,0.083333333,1,Golf,13.89,13.89,german,45.387739,-75.693529,45.3896198,-75.694494,,,3
6:00,14:20,0.083333333,1,Golf,13.89,13.89,german,45.388819,-75.697219,45.3896198,-75.694494,,,3
6:00,14:20,0.083333333,1,Golf,13.89,13.89,german,45.389345,-75.696398,45.3896198,-75.694494,,,3
