length,maxAcceleration,maxDeceleration,maxSpeed,driveMode,startLat,startLon,destLat,destLon,stableId,osmRoute,trafficCode
4.5,0.73,1.67,13.89,3,45.381015,-75.700861,45.3792575,-75.7004525,P1,,german
4.5,0.73,1.67,13.89,3,45.382476,-75.695741,45.3792575,-75.7004525,P2,,german
4.5,0.73,1.67,13.89,3,45.384003,-75.694052,45.3792575,-75.7004525,P3,,german
4.5,0.73,1.67,13.89,3,45.385522,-75.696375,45.3792575,-75.7004525,P4,,german
4.5,0.73,1.67,13.89,3,45.387600,-75.695652,45.3896198,-75.694494,P5,,german
4.5,0.73,1.67,13.89,3,45.388918,-75.695953,45.3896198,-75.694494,P6,,german
4.5,0.73,1.67,13.89,3,45.388583,-75.697009,45.3896198,-75.694494,P7,,german
