length,maxAcceleration,maxDeceleration,maxSpeed,driveMode,startLat,startLon,destLat,destLon,stableId,osmRoute,trafficCode
4.5,0.73,1.67,13.89,3,45.38102036933288,-75.7008583198179,45.3792575,-75.7004525,P1,,german
4.5,0.73,1.67,13.89,3,45.38390667961675,-75.69632414571365,45.3792575,-75.7004525,P2,,german
4.5,0.73,1.67,13.89,3,45.3847,-75.6919,45.3792575,-75.7004525,P3,,german
4.5,0.73,1.67,13.89,3,45.385682818310016,-75.69505807743009,45.3792575,-75.7004525,P4,,german
4.5,0.73,1.67,13.89,3,45.3876035,-75.6950176,45.3896198,-75.694494,P5,,german
4.5,0.73,1.67,13.89,3,45.3885825,-75.6970087,45.3896198,-75.694494,P6,,german
4.5,0.73,1.67,13.89,3,45.388917569401215,-75.69595277883728,45.3896198,-75.694494,P7,,german
