startTime,endTime,spawningIntervalInMinutes,spawningAmount,carType,maxSpeed,averageSpeed,trafficCode,startLat,startLon,destLat,destLon,osmRoute,nextTrafficLightPhase,driveMode
6:00,6:02,1,1,Golf,13.89,13.89,german,45.381015,-75.700861,45.3792575,-75.7004525,,,3
6:00,6:03,1,1,Golf,13.89,13.89,german,45.382476,-75.695741,45.3792575,-75.7004525,,,3
6:00,6:04,1,1,Golf,13.89,13.89,german,45.384003,-75.694052,45.3792575,-75.7004525,,,3
6:00,6:05,1,1,Golf,13.89,13.89,german,45.385522,-75.696375,45.3792575,-75.7004525,,,3
6:00,6:06,1,1,Golf,13.89,13.89,german,45.387600,-75.695652,45.3896198,-75.694494,,,3
6:00,6:07,1,1,Golf,13.89,13.89,german,45.388918,-75.695953,45.3896198,-75.694494,,,3
6:00,6:08,1,1,Golf,13.89,13.89,german,45.388583,-75.697009,45.3896198,-75.694494,,,3
