length,maxAcceleration,maxDeceleration,maxSpeed,driveMode,startLat,startLon,destLat,destLon,stableId,osmRoute,trafficCode
4.5,0.73,1.67,13.89,3,45.3814076,-75.7006193,45.3792575,-75.7004525,P1,,german
4.5,0.73,1.67,13.89,3,45.3836355,-75.6962699,45.3792575,-75.7004525,P2,,german
4.5,0.73,1.67,13.89,3,45.384003,-75.694052,45.3792575,-75.7004525,P3,,german
4.5,0.73,1.67,13.89,3,45.3857089,-75.6950736,45.3792575,-75.7004525,P4,,german
4.5,0.73,1.67,13.89,3,45.3879759,-75.6932794,45.3896198,-75.694494,P5,,german
4.5,0.73,1.67,13.89,3,45.3885825,-75.6970087,45.3896198,-75.694494,P6,,german
4.5,0.73,1.67,13.89,3,45.3888841,-75.6962336,45.3896198,-75.694494,P7,,german
